0, 0, 1, 0
0.01, 0, 1, 0
0.02, 0.788442, 1, -0.0995901
0.03, 0.788442, 1, -0.0995901
0.04, 0.788442, 1, -0.0995901
0.05, 0.788442, 1, -0.0995901
0.06, 0.320477, 1, 0.726323
0.07, 0.38069, 1, 0.619498
0.08, 0.38069, 1, 0.619498
0.09, 0.0341481, 1, 0.648741
0.1, 0.0341481, 1, 0.648741
0.11, 0.0341481, 1, 0.648741
0.12, 0.0341481, 1, 0.648741
0.13, 0.0341481, 1, 0.648741
0.14, 0.0341481, 1, 0.648741
0.15, 0.439009, 1, 0.601482
0.16, 0.439009, 1, 0.601482
0.17, 0.439009, 1, 0.601482
0.18, 0.439009, 1, 0.601482
0.19, 0.317226, 1, 0.243131
0.2, 0.317226, 1, 0.243131
0.21, 0.317226, 1, 0.243131
0.22, 0.274166, 1, 0.241036
0.23, -0.0333197, 1, 0.0849756
0.24, -0.0333197, 1, 0.0849756
0.25, -0.0333197, 1, 0.0849756
0.26, -0.0333197, 1, 0.0849756
0.27, 0.0412281, 1, -0.042279
0.28, -0.0317644, 1, -0.117823
0.29, -0.0498189, 1, -0.110485
0.3, -0.0610303, 1, -0.112547
0.31, -0.0610303, 1, -0.112547
0.32, -0.0610303, 1, -0.112547
0.33, -0.105881, 1, -0.0475647
0.34, -0.105881, 1, -0.0475647
0.35, -0.105881, 1, -0.0475647
0.36, -0.105881, 1, -0.0475647
0.37, -0.105881, 1, -0.0475647
0.38, -0.105881, 1, -0.0475647
0.39, -0.105881, 1, -0.0475647
0.4, -0.10832, 1, -0.0530967
0.41, -0.10832, 1, -0.0530967
0.42, -0.10832, 1, -0.0530967
0.43, -0.118349, 1, -0.0633491
0.44, -0.118349, 1, -0.0633491
0.45, -0.118349, 1, -0.0633491
0.46, -0.253754, 1, -0.179885
0.47, -0.253754, 1, -0.179885
0.48, -0.181191, 1, -0.151171
0.49, -0.181191, 1, -0.151171
0.5, -0.269276, 1, -0.221618
0.51, -0.269276, 1, -0.221618
0.52, -0.269276, 1, -0.221618
0.53, -0.269276, 1, -0.221618
0.54, -0.269276, 1, -0.221618
0.55, -0.245601, 1, -0.218977
0.56, -0.211055, 1, -0.218332
0.57, -0.211055, 1, -0.218332
0.58, -0.205574, 1, -0.220284
0.59, -0.205574, 1, -0.220284
0.6, -0.205574, 1, -0.220284
0.61, -0.205574, 1, -0.220284
0.62, -0.205574, 1, -0.220284
0.63, -0.205574, 1, -0.220284
0.64, -0.199106, 1, -0.218923
0.65, -0.199106, 1, -0.218923
0.66, -0.199104, 1, -0.211895
0.67, -0.199802, 1, -0.212013
0.68, -0.199802, 1, -0.212013
0.69, -0.199802, 1, -0.212013
0.7, -0.199802, 1, -0.212013
0.71, -0.140437, 1, -0.19929
0.72, -0.140437, 1, -0.19929
0.73, -0.140437, 1, -0.19929
0.74, -0.116812, 1, -0.234795
0.75, -0.116812, 1, -0.234795
0.76, -0.034064, 1, -0.237114
0.77, -0.034064, 1, -0.237114
0.78, -0.034064, 1, -0.237114
0.79, 0.0103912, 1, -0.229533
0.8, 0.0103912, 1, -0.229533
0.81, 0.0103912, 1, -0.229533
0.82, -0.068116, 1, -0.242147
0.83, -0.068116, 1, -0.242147
0.84, -0.068116, 1, -0.242147
0.85, -0.0240163, 1, -0.192282
0.86, 0.0514629, 1, -0.195958
0.87, 0.0514629, 1, -0.195958
0.88, 0.0514629, 1, -0.195958
0.89, 0.0514629, 1, -0.195958
0.9, 0.0514629, 1, -0.195958
0.91, 0.0514629, 1, -0.195958
0.92, 0.0514629, 1, -0.195958
0.93, 0.0514629, 1, -0.195958
0.94, 0.0514629, 1, -0.195958
0.95, 0.0596418, 1, -0.184711
0.96, 0.0920509, 1, -0.180701
0.97, 0.0920509, 1, -0.180701
0.98, 0.0920509, 1, -0.180701
0.99, 0.0575366, 1, -0.13525
1, 0.0575366, 1, -0.13525
1.01, 0.0575366, 1, -0.13525
1.02, 0.0575366, 1, -0.13525
1.03, 0.0575366, 1, -0.13525
1.04, 0.0416498, 1, -0.126034
1.05, 0.0416498, 1, -0.126034
1.06, 0.00288599, 1, -0.18566
1.07, -0.0186213, 1, -0.145846
1.08, -0.0186213, 1, -0.145846
1.09, -0.00374715, 1, -0.13434
1.1, -0.00374715, 1, -0.13434
1.11, -0.00374715, 1, -0.13434
1.12, -0.00374715, 1, -0.13434
1.13, -0.00374715, 1, -0.13434
1.14, -0.00374715, 1, -0.13434
1.15, -0.00374715, 1, -0.13434
1.16, 0.0131013, 1, -0.114371
1.17, 0.0131013, 1, -0.114371
1.18, 0.0560803, 1, -0.0872626
1.19, 0.0560803, 1, -0.0872626
1.2, 0.0683778, 1, -0.0779472
1.21, 0.10662, 1, -0.0932823
1.22, 0.10662, 1, -0.0932823
1.23, 0.10662, 1, -0.0932823
1.24, 0.10662, 1, -0.0932823
1.25, 0.10662, 1, -0.0932823
1.26, 0.10662, 1, -0.0932823
1.27, 0.10662, 1, -0.0932823
1.28, 0.10662, 1, -0.0932823
1.29, 0.10662, 1, -0.0932823
1.3, 0.0817181, 1, -0.0817146
1.31, 0.0817181, 1, -0.0817146
1.32, 0.0817181, 1, -0.0817146
1.33, 0.0330425, 1, -0.0769714
1.34, 0.0330425, 1, -0.0769714
1.35, 0.0330425, 1, -0.0769714
1.36, 0.0119485, 1, -0.0289997
1.37, 0.0119485, 1, -0.0289997
1.38, -0.0508473, 1, -0.0147634
1.39, -0.0508473, 1, -0.0147634
1.4, -0.0508473, 1, -0.0147634
1.41, -0.0508473, 1, -0.0147634
1.42, -0.0480366, 1, -0.0119213
1.43, -0.0480366, 1, -0.0119213
1.44, -0.0331281, 1, 0.0658583
1.45, -0.037985, 1, 0.0442605
1.46, -0.037985, 1, 0.0442605
1.47, -0.0346146, 1, 0.0596629
1.48, -0.0346146, 1, 0.0596629
1.49, -0.0470508, 1, 0.0607207
1.5, -0.0161212, 1, 0.0715412
1.51, -0.0161212, 1, 0.0715412
1.52, -0.0161212, 1, 0.0715412
1.53, -0.0161212, 1, 0.0715412
1.54, -0.0161212, 1, 0.0715412
1.55, -0.0161212, 1, 0.0715412
1.56, -0.0161212, 1, 0.0715412
1.57, -0.0161212, 1, 0.0715412
1.58, -0.0161212, 1, 0.0715412
1.59, 0.00459561, 1, 0.0447305
1.6, 0.00459561, 1, 0.0447305
1.61, 0.00489422, 1, 0.0419025
1.62, 0.00489422, 1, 0.0419025
1.63, 0.00479719, 1, 0.0419968
1.64, 0.00452225, 1, 0.0420093
1.65, 0.00452225, 1, 0.0420093
1.66, 0.00452225, 1, 0.0420093
1.67, 0.00452225, 1, 0.0420093
1.68, -0.0225858, 1, 0.0341425
1.69, -0.0225858, 1, 0.0341425
1.7, -0.0225858, 1, 0.0341425
1.71, -0.0225858, 1, 0.0341425
1.72, -0.0225858, 1, 0.0341425
1.73, 4.36251e-05, 1, 0.0446879
1.74, 4.36251e-05, 1, 0.0446879
1.75, 4.36251e-05, 1, 0.0446879
1.76, 4.36251e-05, 1, 0.0446879
1.77, 4.36251e-05, 1, 0.0446879
1.78, 4.36251e-05, 1, 0.0446879
1.79, -0.00236499, 1, 0.0429362
1.8, -0.00236499, 1, 0.0429362
1.81, -0.00236499, 1, 0.0429362
1.82, -0.00236499, 1, 0.0429362
1.83, -0.00236499, 1, 0.0429362
1.84, -0.00236499, 1, 0.0429362
1.85, -0.00236499, 1, 0.0429362
1.86, -0.00236499, 1, 0.0429362
1.87, -0.00236499, 1, 0.0429362
1.88, -0.00236499, 1, 0.0429362
1.89, -0.00236499, 1, 0.0429362
1.9, -0.00236499, 1, 0.0429362
1.91, 0.0276452, 1, 0.073254
1.92, 0.0508488, 1, 0.0272995
1.93, 0.0508363, 1, 0.0206763
1.94, 0.0538777, 1, 0.0211277
1.95, 0.0538777, 1, 0.0211277
1.96, 0.0538777, 1, 0.0211277
1.97, 0.0370519, 1, 0.0173195
1.98, 0.0370519, 1, 0.0173195
1.99, 0.0370519, 1, 0.0173195
2, 0.0370519, 1, 0.0173195
2.01, 0.0384401, 1, 0.0194789
2.02, 0.0697739, 1, 0.0107428
2.03, 0.0697739, 1, 0.0107428
2.04, 0.0697739, 1, 0.0107428
2.05, 0.1041, 1, -0.0394242
2.06, 0.118265, 1, -0.0636335
2.07, 0.118265, 1, -0.0636335
2.08, 0.118265, 1, -0.0636335
2.09, 0.117751, 1, -0.0642577
2.1, 0.130629, 1, -0.0650925
2.11, 0.130629, 1, -0.0650925
2.12, 0.130629, 1, -0.0650925
2.13, 0.130629, 1, -0.0650925
2.14, 0.130629, 1, -0.0650925
2.15, 0.130629, 1, -0.0650925
2.16, 0.130629, 1, -0.0650925
2.17, 0.124919, 1, -0.0647751
2.18, 0.124919, 1, -0.0647751
2.19, 0.124919, 1, -0.0647751
2.2, 0.124919, 1, -0.0647751
2.21, 0.124919, 1, -0.0647751
2.22, 0.130995, 1, -0.0653154
2.23, 0.10688, 1, -0.0768978
2.24, 0.10688, 1, -0.0768978
2.25, 0.110954, 1, -0.092229
2.26, 0.110954, 1, -0.092229
2.27, 0.124759, 1, -0.0917212
2.28, 0.124759, 1, -0.0917212
2.29, 0.124759, 1, -0.0917212
2.3, 0.121015, 1, -0.0913115
2.31, 0.121015, 1, -0.0913115
2.32, 0.135295, 1, -0.0639663
2.33, 0.135295, 1, -0.0639663
2.34, 0.161813, 1, -0.0479847
2.35, 0.150104, 1, -0.0949683
2.36, 0.150104, 1, -0.0949683
2.37, 0.152499, 1, -0.0942025
2.38, 0.11467, 1, -0.0949675
2.39, 0.12938, 1, -0.0634839
2.4, 0.12938, 1, -0.0634839
2.41, 0.12938, 1, -0.0634839
2.42, 0.131373, 1, -0.106463
2.43, 0.131373, 1, -0.106463
2.44, 0.131373, 1, -0.106463
2.45, 0.131373, 1, -0.106463
2.46, 0.104843, 1, -0.142592
2.47, 0.104843, 1, -0.142592
2.48, 0.105886, 1, -0.141439
2.49, 0.105886, 1, -0.141439
2.5, 0.105886, 1, -0.141439
2.51, 0.105886, 1, -0.141439
2.52, 0.105886, 1, -0.141439
2.53, 0.105886, 1, -0.141439
2.54, 0.105886, 1, -0.141439
2.55, 0.105886, 1, -0.141439
2.56, 0.105886, 1, -0.141439
2.57, 0.105886, 1, -0.141439
2.58, 0.095524, 1, -0.114643
2.59, 0.0872046, 1, -0.102711
2.6, 0.0872046, 1, -0.102711
2.61, 0.0872046, 1, -0.102711
2.62, 0.0872046, 1, -0.102711
2.63, 0.0872046, 1, -0.102711
2.64, 0.0872046, 1, -0.102711
2.65, 0.0872046, 1, -0.102711
2.66, 0.0872046, 1, -0.102711
2.67, 0.0872046, 1, -0.102711
2.68, 0.0872046, 1, -0.102711
2.69, 0.0508167, 1, -0.0527323
2.7, 0.0575999, 1, -0.0290299
2.71, 0.0575999, 1, -0.0290299
2.72, 0.0575999, 1, -0.0290299
2.73, 0.0575999, 1, -0.0290299
2.74, 0.0575999, 1, -0.0290299
2.75, 0.0575999, 1, -0.0290299
2.76, 0.0575999, 1, -0.0290299
2.77, 0.0575999, 1, -0.0290299
2.78, 0.0575999, 1, -0.0290299
2.79, 0.0575999, 1, -0.0290299
2.8, 0.0575999, 1, -0.0290299
2.81, 0.0575999, 1, -0.0290299
2.82, 0.0575999, 1, -0.0290299
2.83, 0.0575999, 1, -0.0290299
2.84, 0.0575999, 1, -0.0290299
2.85, 0.0575999, 1, -0.0290299
2.86, 0.0575999, 1, -0.0290299
2.87, 0.0575999, 1, -0.0290299
2.88, 0.0575999, 1, -0.0290299
2.89, 0.0575999, 1, -0.0290299
2.9, 0.0567441, 1, -0.032386
2.91, 0.0565563, 1, -0.0324136
2.92, 0.0972905, 1, -0.0425837
2.93, 0.0972905, 1, -0.0425837
2.94, 0.0972905, 1, -0.0425837
2.95, 0.0891915, 1, -0.0413022
2.96, 0.0891915, 1, -0.0413022
2.97, 0.0891915, 1, -0.0413022
2.98, 0.0891915, 1, -0.0413022
2.99, 0.0891915, 1, -0.0413022
3, 0.0925933, 1, -0.0416615
3.01, 0.122612, 1, -0.0557566
3.02, 0.141702, 1, -0.0924602
3.03, 0.134493, 1, -0.107919
3.04, 0.112881, 1, -0.0912776
3.05, 0.112881, 1, -0.0912776
3.06, 0.112881, 1, -0.0912776
3.07, 0.112881, 1, -0.0912776
3.08, 0.112881, 1, -0.0912776
3.09, 0.112881, 1, -0.0912776
3.1, 0.112881, 1, -0.0912776
3.11, 0.112881, 1, -0.0912776
3.12, 0.11765, 1, -0.0752424
3.13, 0.11765, 1, -0.0752424
3.14, 0.11765, 1, -0.0752424
3.15, 0.11765, 1, -0.0752424
3.16, 0.11765, 1, -0.0752424
3.17, 0.116275, 1, -0.0971448
3.18, 0.116275, 1, -0.0971448
3.19, 0.116275, 1, -0.0971448
3.2, 0.116275, 1, -0.0971448
3.21, 0.113721, 1, -0.0515836
3.22, 0.105537, 1, -0.0572338
3.23, 0.105537, 1, -0.0572338
3.24, 0.105537, 1, -0.0572338
3.25, 0.105537, 1, -0.0572338
3.26, 0.105537, 1, -0.0572338
3.27, 0.103982, 1, -0.0557693
3.28, 0.103982, 1, -0.0557693
3.29, 0.0858173, 1, -0.0666229
3.3, 0.0858173, 1, -0.0666229
3.31, 0.0858173, 1, -0.0666229
3.32, 0.0545676, 1, -0.0617345
3.33, 0.0545676, 1, -0.0617345
3.34, 0.0545676, 1, -0.0617345
3.35, 0.0545676, 1, -0.0617345
3.36, 0.0626615, 1, -0.0369865
3.37, 0.0581577, 1, -0.0445081
3.38, 0.0862812, 1, -0.0446264
3.39, 0.0862812, 1, -0.0446264
3.4, 0.0862812, 1, -0.0446264
3.41, 0.0862812, 1, -0.0446264
3.42, 0.0862812, 1, -0.0446264
3.43, 0.103571, 1, -0.0598166
3.44, 0.103329, 1, -0.0890606
3.45, 0.103329, 1, -0.0890606
3.46, 0.100477, 1, -0.0890787
3.47, 0.100477, 1, -0.0890787
3.48, 0.0544255, 1, -0.051478
3.49, 0.0672327, 1, -0.010847
3.5, 0.0672327, 1, -0.010847
3.51, 0.0672327, 1, -0.010847
3.52, 0.0672327, 1, -0.010847
3.53, 0.0672327, 1, -0.010847
3.54, 0.0672327, 1, -0.010847
3.55, 0.0648029, 1, -0.00808728
3.56, 0.0648029, 1, -0.00808728
3.57, 0.0648029, 1, -0.00808728
3.58, 0.0356716, 1, 0.030144
3.59, 0.0356716, 1, 0.030144
3.6, 0.0356716, 1, 0.030144
3.61, 0.0356716, 1, 0.030144
3.62, 0.0356716, 1, 0.030144
3.63, 0.0356716, 1, 0.030144
3.64, 0.0356716, 1, 0.030144
3.65, 0.0661855, 1, 0.0284277
3.66, 0.0661855, 1, 0.0284277
3.67, 0.0661855, 1, 0.0284277
3.68, 0.0661855, 1, 0.0284277
3.69, 0.0661855, 1, 0.0284277
3.7, 0.0661855, 1, 0.0284277
3.71, 0.0661855, 1, 0.0284277
3.72, 0.0661855, 1, 0.0284277
3.73, 0.0661855, 1, 0.0284277
3.74, 0.0664773, 1, 0.0299364
3.75, 0.0652197, 1, 0.0287665
3.76, 0.0652197, 1, 0.0287665
3.77, 0.0468181, 1, 0.0310289
3.78, 0.044448, 1, 0.0456065
3.79, 0.0437706, 1, 0.0446069
3.8, 0.0437706, 1, 0.0446069
3.81, 0.0437706, 1, 0.0446069
3.82, 0.0437706, 1, 0.0446069
3.83, 0.0437706, 1, 0.0446069
3.84, 0.0400565, 1, 0.0269479
3.85, 0.0405919, 1, 0.0284834
3.86, 0.0548771, 1, 0.0245515
3.87, 0.0483786, 1, 0.00622262
3.88, 0.0483786, 1, 0.00622262
3.89, 0.0483786, 1, 0.00622262
3.9, 0.0483786, 1, 0.00622262
3.91, 0.0483786, 1, 0.00622262
3.92, 0.0483786, 1, 0.00622262
3.93, 0.0483786, 1, 0.00622262
3.94, 0.0483786, 1, 0.00622262
3.95, 0.0483786, 1, 0.00622262
3.96, 0.0660636, 1, 0.0199423
3.97, 0.0868063, 1, -0.00109428
3.98, 0.0868063, 1, -0.00109428
3.99, 0.0868063, 1, -0.00109428
4, 0.0868063, 1, -0.00109428
4.01, 0.0868063, 1, -0.00109428
4.02, 0.0788977, 1, 0.00408111
4.03, 0.0788977, 1, 0.00408111
4.04, 0.0788977, 1, 0.00408111
4.05, 0.0788977, 1, 0.00408111
4.06, 0.0788977, 1, 0.00408111
4.07, 0.0808184, 1, 0.0327938
4.08, 0.0799599, 1, 0.0306288
4.09, 0.0799599, 1, 0.0306288
4.1, 0.0799599, 1, 0.0306288
4.11, 0.0799599, 1, 0.0306288
4.12, 0.0799599, 1, 0.0306288
4.13, 0.0655446, 1, 0.0689597
4.14, 0.0655446, 1, 0.0689597
4.15, 0.0802004, 1, 0.0658998
4.16, 0.0988349, 1, 0.0523177
4.17, 0.0988349, 1, 0.0523177
4.18, 0.0988349, 1, 0.0523177
4.19, 0.0988349, 1, 0.0523177
4.2, 0.0988349, 1, 0.0523177
4.21, 0.0988349, 1, 0.0523177
4.22, 0.0988349, 1, 0.0523177
4.23, 0.0988349, 1, 0.0523177
4.24, 0.0988349, 1, 0.0523177
4.25, 0.0990478, 1, 0.0537583
4.26, 0.0973043, 1, 0.0535241
4.27, 0.0973043, 1, 0.0535241
4.28, 0.0978261, 1, 0.0556875
4.29, 0.0978261, 1, 0.0556875
4.3, 0.0978261, 1, 0.0556875
4.31, 0.0978261, 1, 0.0556875
4.32, 0.115821, 1, 0.029378
4.33, 0.115821, 1, 0.029378
4.34, 0.115821, 1, 0.029378
4.35, 0.115821, 1, 0.029378
4.36, 0.142404, 1, 0.0248206
4.37, 0.142404, 1, 0.0248206
4.38, 0.13993, 1, 0.0206214
4.39, 0.13993, 1, 0.0206214
4.4, 0.13993, 1, 0.0206214
4.41, 0.108327, 1, 0.045373
4.42, 0.114955, 1, 0.0673322
4.43, 0.114955, 1, 0.0673322
4.44, 0.114955, 1, 0.0673322
4.45, 0.114955, 1, 0.0673322
4.46, 0.114955, 1, 0.0673322
4.47, 0.100758, 1, 0.0465397
4.48, 0.100758, 1, 0.0465397
4.49, 0.100758, 1, 0.0465397
4.5, 0.0855256, 1, 0.0647814
4.51, 0.0855256, 1, 0.0647814
4.52, 0.0872512, 1, 0.0660739
4.53, 0.0872512, 1, 0.0660739
4.54, 0.0696843, 1, 0.0273563
4.55, 0.076109, 1, 0.0346758
4.56, 0.076109, 1, 0.0346758
4.57, 0.076109, 1, 0.0346758
4.58, 0.076109, 1, 0.0346758
4.59, 0.076109, 1, 0.0346758
4.6, 0.0737498, 1, 0.0352474
4.61, 0.0492486, 1, 0.0379787
4.62, 0.0492486, 1, 0.0379787
4.63, 0.0492486, 1, 0.0379787
4.64, 0.0492486, 1, 0.0379787
4.65, 0.0490973, 1, 0.0380613
4.66, 0.0810021, 1, 0.0336832
4.67, 0.0805243, 1, -0.00699884
4.68, 0.0805243, 1, -0.00699884
4.69, 0.0774488, 1, -0.00697703
4.7, 0.0774488, 1, -0.00697703
4.71, 0.0774488, 1, -0.00697703
4.72, 0.0773894, 1, -0.00701546
4.73, 0.055041, 1, -0.00522248
4.74, 0.055041, 1, -0.00522248
4.75, 0.055041, 1, -0.00522248
4.76, 0.055041, 1, -0.00522248
4.77, 0.055041, 1, -0.00522248
4.78, 0.0805524, 1, -0.0524927
4.79, 0.0805524, 1, -0.0524927
4.8, 0.0805524, 1, -0.0524927
4.81, 0.0805524, 1, -0.0524927
4.82, 0.0805524, 1, -0.0524927
4.83, 0.0805524, 1, -0.0524927
4.84, 0.0805524, 1, -0.0524927
4.85, 0.0805524, 1, -0.0524927
4.86, 0.0945376, 1, -0.0185943
4.87, 0.0945376, 1, -0.0185943
4.88, 0.127856, 1, -0.0482382
4.89, 0.104014, 1, -0.0808389
4.9, 0.104014, 1, -0.0808389
4.91, 0.104014, 1, -0.0808389
4.92, 0.115387, 1, -0.0771218
4.93, 0.115387, 1, -0.0771218
4.94, 0.122297, 1, -0.0836447
4.95, 0.10161, 1, -0.0973155
4.96, 0.0905592, 1, -0.0665504
4.97, 0.0905592, 1, -0.0665504
4.98, 0.0905592, 1, -0.0665504
4.99, 0.0905592, 1, -0.0665504
5, 0.0905592, 1, -0.0665504
5.01, 0.0905592, 1, -0.0665504
5.02, 0.0915293, 1, -0.0623568
5.03, 0.0915293, 1, -0.0623568
5.04, 0.0915293, 1, -0.0623568
5.05, 0.0905018, 1, -0.0729835
5.06, 0.0905018, 1, -0.0729835
5.07, 0.0905018, 1, -0.0729835
5.08, 0.0905018, 1, -0.0729835
5.09, 0.0905018, 1, -0.0729835
5.1, 0.0905018, 1, -0.0729835
5.11, 0.0872614, 1, -0.0708484
5.12, 0.0872614, 1, -0.0708484
5.13, 0.0844921, 1, -0.0680219
5.14, 0.0844921, 1, -0.0680219
5.15, 0.0844921, 1, -0.0680219
5.16, 0.0844921, 1, -0.0680219
5.17, 0.0734268, 1, -0.0622981
5.18, 0.0734268, 1, -0.0622981
5.19, 0.0734268, 1, -0.0622981
5.2, 0.0734268, 1, -0.0622981
5.21, 0.0734268, 1, -0.0622981
5.22, 0.0548874, 1, -0.0588165
5.23, 0.0846363, 1, -0.0413166
5.24, 0.0846363, 1, -0.0413166
5.25, 0.0846363, 1, -0.0413166
5.26, 0.0601246, 1, -0.0280454
5.27, 0.0601246, 1, -0.0280454
5.28, 0.0801177, 1, -0.0179462
5.29, 0.0801177, 1, -0.0179462
5.3, 0.11163, 1, -0.0574183
5.31, 0.11163, 1, -0.0574183
5.32, 0.11163, 1, -0.0574183
5.33, 0.11163, 1, -0.0574183
5.34, 0.0974861, 1, -0.0707337
5.35, 0.0909675, 1, -0.0566944
5.36, 0.0909675, 1, -0.0566944
5.37, 0.0907192, 1, -0.0564057
5.38, 0.0889225, 1, -0.0561841
5.39, 0.10038, 1, -0.0562298
5.4, 0.10038, 1, -0.0562298
5.41, 0.10038, 1, -0.0562298
5.42, 0.10038, 1, -0.0562298
5.43, 0.10038, 1, -0.0562298
5.44, 0.10038, 1, -0.0562298
5.45, 0.10038, 1, -0.0562298
5.46, 0.10038, 1, -0.0562298
5.47, 0.10038, 1, -0.0562298
5.48, 0.10038, 1, -0.0562298
5.49, 0.113084, 1, -0.0890078
5.5, 0.109778, 1, -0.0961821
5.51, 0.109778, 1, -0.0961821
5.52, 0.109778, 1, -0.0961821
5.53, 0.109778, 1, -0.0961821
5.54, 0.0968615, 1, -0.104849
5.55, 0.0998043, 1, -0.0920206
5.56, 0.0998043, 1, -0.0920206
5.57, 0.0998043, 1, -0.0920206
5.58, 0.0998043, 1, -0.0920206
5.59, 0.0998043, 1, -0.0920206
5.6, 0.0998043, 1, -0.0920206
5.61, 0.0998043, 1, -0.0920206
5.62, 0.0998043, 1, -0.0920206
5.63, 0.0998043, 1, -0.0920206
5.64, 0.12156, 1, -0.0929018
5.65, 0.12156, 1, -0.0929018
5.66, 0.12156, 1, -0.0929018
5.67, 0.12156, 1, -0.0929018
5.68, 0.12156, 1, -0.0929018
5.69, 0.12156, 1, -0.0929018
5.7, 0.12156, 1, -0.0929018
5.71, 0.12156, 1, -0.0929018
5.72, 0.12156, 1, -0.0929018
5.73, 0.110039, 1, -0.113117
5.74, 0.110039, 1, -0.113117
5.75, 0.110039, 1, -0.113117
5.76, 0.124246, 1, -0.125063
5.77, 0.12367, 1, -0.134585
5.78, 0.122984, 1, -0.134913
5.79, 0.122984, 1, -0.134913
5.8, 0.122984, 1, -0.134913
5.81, 0.122984, 1, -0.134913
5.82, 0.122984, 1, -0.134913
5.83, 0.122984, 1, -0.134913
5.84, 0.122984, 1, -0.134913
5.85, 0.118094, 1, -0.130618
5.86, 0.118094, 1, -0.130618
5.87, 0.118094, 1, -0.130618
5.88, 0.111871, 1, -0.132061
5.89, 0.111871, 1, -0.132061
5.9, 0.111871, 1, -0.132061
5.91, 0.100114, 1, -0.14192
5.92, 0.100114, 1, -0.14192
5.93, 0.100114, 1, -0.14192
5.94, 0.100114, 1, -0.14192
5.95, 0.100114, 1, -0.14192
5.96, 0.100114, 1, -0.14192
5.97, 0.100114, 1, -0.14192
5.98, 0.100114, 1, -0.14192
5.99, 0.100114, 1, -0.14192
6, 0.0988001, 1, -0.139696
6.01, 0.0887289, 1, -0.139282
6.02, 0.0887289, 1, -0.139282
6.03, 0.0887289, 1, -0.139282
6.04, 0.099959, 1, -0.154696
6.05, 0.099959, 1, -0.154696
6.06, 0.099959, 1, -0.154696
6.07, 0.10949, 1, -0.167726
6.08, 0.0933098, 1, -0.184629
6.09, 0.0933098, 1, -0.184629
6.1, 0.0895038, 1, -0.186749
6.11, 0.0744805, 1, -0.181876
6.12, 0.0744805, 1, -0.181876
6.13, 0.0744805, 1, -0.181876
6.14, 0.059693, 1, -0.180822
6.15, 0.059693, 1, -0.180822
6.16, 0.059693, 1, -0.180822
6.17, 0.059693, 1, -0.180822
6.18, 0.059693, 1, -0.180822
6.19, 0.059693, 1, -0.180822
6.2, 0.059693, 1, -0.180822
6.21, 0.059693, 1, -0.180822
6.22, 0.059693, 1, -0.180822
6.23, 0.059693, 1, -0.180822
6.24, 0.059693, 1, -0.180822
6.25, 0.059693, 1, -0.180822
6.26, 0.0635363, 1, -0.17009
6.27, 0.0576946, 1, -0.172386
6.28, 0.0576946, 1, -0.172386
6.29, 0.0576946, 1, -0.172386
6.3, 0.0693778, 1, -0.140719
6.31, 0.0690048, 1, -0.151912
6.32, 0.0642204, 1, -0.149067
6.33, 0.0642204, 1, -0.149067
6.34, 0.0642204, 1, -0.149067
6.35, 0.0642204, 1, -0.149067
6.36, 0.0642204, 1, -0.149067
6.37, 0.0642204, 1, -0.149067
6.38, 0.0642204, 1, -0.149067
6.39, 0.0642204, 1, -0.149067
6.4, 0.0642204, 1, -0.149067
6.41, 0.0642204, 1, -0.149067
6.42, 0.0642204, 1, -0.149067
6.43, 0.0642204, 1, -0.149067
6.44, 0.0627726, 1, -0.147634
6.45, 0.0627726, 1, -0.147634
6.46, 0.0627726, 1, -0.147634
6.47, 0.0627726, 1, -0.147634
6.48, 0.0627726, 1, -0.147634
6.49, 0.0627726, 1, -0.147634
6.5, 0.0627726, 1, -0.147634
6.51, 0.0313613, 1, -0.145162
6.52, 0.0313613, 1, -0.145162
6.53, 0.00909077, 1, -0.124509
6.54, -0.00372525, 1, -0.107431
6.55, -0.00372525, 1, -0.107431
6.56, -0.0355459, 1, -0.094153
6.57, -0.0324604, 1, -0.0652557
6.58, -0.0324604, 1, -0.0652557
6.59, -0.0324604, 1, -0.0652557
6.6, -0.0324604, 1, -0.0652557
6.61, -0.027194, 1, -0.0588748
6.62, -0.027194, 1, -0.0588748
6.63, -0.0277029, 1, -0.0555846
6.64, -0.0277029, 1, -0.0555846
6.65, -0.0277029, 1, -0.0555846
6.66, -0.0277029, 1, -0.0555846
6.67, -0.0277029, 1, -0.0555846
6.68, -0.0262848, 1, -0.0556617
6.69, 0.00204874, 1, -0.0567742
6.7, -0.00718479, 1, -0.0859537
6.71, -0.00718479, 1, -0.0859537
6.72, -0.00718479, 1, -0.0859537
6.73, -0.00718479, 1, -0.0859537
6.74, -0.00718479, 1, -0.0859537
6.75, -0.00718479, 1, -0.0859537
6.76, -0.0153481, 1, -0.0944509
6.77, -0.0153481, 1, -0.0944509
6.78, -0.00464051, 1, -0.0839774
6.79, -0.00464051, 1, -0.0839774
6.8, -0.00597013, 1, -0.0847871
6.81, -0.00597013, 1, -0.0847871
6.82, -0.00597013, 1, -0.0847871
6.83, -0.00833063, 1, -0.0821952
6.84, -0.00833063, 1, -0.0821952
6.85, -0.00833063, 1, -0.0821952
6.86, -0.00833063, 1, -0.0821952
6.87, -0.00785315, 1, -0.082258
6.88, -0.00785315, 1, -0.082258
6.89, 0.0175216, 1, -0.0669974
6.9, 0.0175216, 1, -0.0669974
6.91, 0.0175216, 1, -0.0669974
6.92, 0.0175216, 1, -0.0669974
6.93, 0.051143, 1, -0.0729271
6.94, 0.051143, 1, -0.0729271
6.95, 0.051143, 1, -0.0729271
6.96, 0.051143, 1, -0.0729271
6.97, 0.051143, 1, -0.0729271
6.98, 0.051143, 1, -0.0729271
6.99, 0.0528504, 1, -0.080413
7, 0.0528504, 1, -0.080413
7.01, 0.0327857, 1, -0.081824
7.02, 0.0327857, 1, -0.081824
7.03, 0.0327857, 1, -0.081824
7.04, 0.0327857, 1, -0.081824
7.05, 0.0327857, 1, -0.081824
7.06, 0.0361991, 1, -0.0659536
7.07, 0.0361991, 1, -0.0659536
7.08, 0.0361991, 1, -0.0659536
7.09, 0.0361991, 1, -0.0659536
7.1, 0.0361991, 1, -0.0659536
7.11, 0.0361991, 1, -0.0659536
7.12, 0.0361991, 1, -0.0659536
7.13, 0.0346778, 1, -0.0609371
7.14, 0.0346778, 1, -0.0609371
7.15, -0.00366543, 1, -0.0581633
7.16, -0.00366543, 1, -0.0581633
7.17, -0.00366543, 1, -0.0581633
7.18, -0.00302967, 1, -0.0589746
7.19, -0.00302967, 1, -0.0589746
7.2, -0.00302967, 1, -0.0589746
7.21, -0.00302967, 1, -0.0589746
7.22, -0.00302967, 1, -0.0589746
7.23, -0.00302967, 1, -0.0589746
7.24, -0.00302967, 1, -0.0589746
7.25, -0.00302967, 1, -0.0589746
7.26, -0.00302967, 1, -0.0589746
7.27, -0.00302967, 1, -0.0589746
7.28, -0.00302967, 1, -0.0589746
7.29, -0.00302967, 1, -0.0589746
7.3, -0.00380078, 1, -0.0539115
7.31, -0.00380078, 1, -0.0539115
7.32, -0.00380078, 1, -0.0539115
7.33, -0.00380078, 1, -0.0539115
7.34, -0.00380078, 1, -0.0539115
7.35, -0.00380078, 1, -0.0539115
7.36, -0.0293679, 1, 0.00649093
7.37, -0.0243775, 1, 0.0217095
7.38, -0.0243775, 1, 0.0217095
7.39, -0.0292288, 1, 0.0226423
7.4, -0.0292288, 1, 0.0226423
7.41, -0.0340993, 1, 0.0200829
7.42, -0.0340993, 1, 0.0200829
7.43, -0.0340993, 1, 0.0200829
7.44, -0.0492889, 1, 0.0238328
7.45, -0.0492889, 1, 0.0238328
7.46, -0.0502427, 1, 0.0235001
7.47, -0.0807332, 1, 0.0268206
7.48, -0.0807332, 1, 0.0268206
7.49, -0.0807332, 1, 0.0268206
7.5, -0.0807332, 1, 0.0268206
7.51, -0.0807332, 1, 0.0268206
7.52, -0.0807332, 1, 0.0268206
7.53, -0.0807332, 1, 0.0268206
7.54, -0.0807332, 1, 0.0268206
7.55, -0.0744701, 1, -0.00883359
7.56, -0.0744701, 1, -0.00883359
7.57, -0.0744701, 1, -0.00883359
7.58, -0.0744701, 1, -0.00883359
7.59, -0.0724551, 1, -0.00773296
7.6, -0.0724551, 1, -0.00773296
7.61, -0.0724551, 1, -0.00773296
7.62, -0.0931367, 1, -0.0118902
7.63, -0.0931367, 1, -0.0118902
7.64, -0.081444, 1, 0.0153385
7.65, -0.081444, 1, 0.0153385
7.66, -0.0990948, 1, 0.0188103
7.67, -0.0585358, 1, 0.0417255
7.68, -0.0585358, 1, 0.0417255
7.69, -0.0560353, 1, 0.0254346
7.7, -0.0560353, 1, 0.0254346
7.71, -0.0560353, 1, 0.0254346
7.72, -0.0560353, 1, 0.0254346
7.73, -0.0560353, 1, 0.0254346
7.74, -0.0531102, 1, 0.0279106
7.75, -0.0556525, 1, 0.0247052
7.76, -0.0556525, 1, 0.0247052
7.77, -0.0556525, 1, 0.0247052
7.78, -0.0556525, 1, 0.0247052
7.79, -0.0556525, 1, 0.0247052
7.8, -0.0556525, 1, 0.0247052
7.81, -0.0480758, 1, 0.0327531
7.82, -0.0589315, 1, 0.0261842
7.83, -0.0589315, 1, 0.0261842
7.84, -0.0589315, 1, 0.0261842
7.85, -0.0589315, 1, 0.0261842
7.86, -0.0500371, 1, 0.0482822
7.87, -0.0399355, 1, 0.0327201
7.88, -0.0399355, 1, 0.0327201
7.89, -0.0625841, 1, 0.0289376
7.9, -0.0732847, 1, 0.0509082
7.91, -0.0732847, 1, 0.0509082
7.92, -0.0732847, 1, 0.0509082
7.93, -0.0732847, 1, 0.0509082
7.94, -0.0732847, 1, 0.0509082
7.95, -0.0732847, 1, 0.0509082
7.96, -0.0732847, 1, 0.0509082
7.97, -0.0903492, 1, 0.0551299
7.98, -0.0903492, 1, 0.0551299
7.99, -0.0903492, 1, 0.0551299
8, -0.0903492, 1, 0.0551299
8.01, -0.0903492, 1, 0.0551299
8.02, -0.0903492, 1, 0.0551299
8.03, -0.0903492, 1, 0.0551299
8.04, -0.0903492, 1, 0.0551299
8.05, -0.0843179, 1, 0.0765398
8.06, -0.0783745, 1, 0.0660611
8.07, -0.0783745, 1, 0.0660611
8.08, -0.0783745, 1, 0.0660611
8.09, -0.0598815, 1, 0.0726766
8.1, -0.0598815, 1, 0.0726766
8.11, -0.0598815, 1, 0.0726766
8.12, -0.0598815, 1, 0.0726766
8.13, -0.0598815, 1, 0.0726766
8.14, -0.0598815, 1, 0.0726766
8.15, -0.0598815, 1, 0.0726766
8.16, -0.0639229, 1, 0.0763313
8.17, -0.0639229, 1, 0.0763313
8.18, -0.0639229, 1, 0.0763313
8.19, -0.0639229, 1, 0.0763313
8.2, -0.0639229, 1, 0.0763313
8.21, -0.0639229, 1, 0.0763313
8.22, -0.0639229, 1, 0.0763313
8.23, -0.0639229, 1, 0.0763313
8.24, -0.0639229, 1, 0.0763313
8.25, -0.0312828, 1, 0.106681
8.26, -0.0312828, 1, 0.106681
8.27, -0.0312828, 1, 0.106681
8.28, -0.045932, 1, 0.112684
8.29, -0.045932, 1, 0.112684
8.3, -0.045932, 1, 0.112684
8.31, -0.045932, 1, 0.112684
8.32, -0.045932, 1, 0.112684
8.33, -0.045932, 1, 0.112684
8.34, -0.045932, 1, 0.112684
8.35, -0.045932, 1, 0.112684
8.36, -0.045932, 1, 0.112684
8.37, -0.045932, 1, 0.112684
8.38, -0.045932, 1, 0.112684
8.39, -0.045932, 1, 0.112684
8.4, -0.0268383, 1, 0.0812509
8.41, -0.0268383, 1, 0.0812509
8.42, -0.0268383, 1, 0.0812509
8.43, -0.0268383, 1, 0.0812509
8.44, -0.0268383, 1, 0.0812509
8.45, -0.0394526, 1, 0.0855829
8.46, -0.0251084, 1, 0.096606
8.47, -0.0251084, 1, 0.096606
8.48, -0.0251084, 1, 0.096606
8.49, -0.0251084, 1, 0.096606
8.5, -0.0251084, 1, 0.096606
8.51, -0.0251084, 1, 0.096606
8.52, -0.0251084, 1, 0.096606
8.53, -0.0270717, 1, 0.130576
8.54, -0.0171194, 1, 0.121365
8.55, -0.0171194, 1, 0.121365
8.56, -0.0171194, 1, 0.121365
8.57, -0.0171194, 1, 0.121365
8.58, -0.0171194, 1, 0.121365
8.59, -0.0195758, 1, 0.120133
8.6, -0.0195758, 1, 0.120133
8.61, -0.00335447, 1, 0.0906322
8.62, -0.00335447, 1, 0.0906322
8.63, -0.00335447, 1, 0.0906322
8.64, -0.00335447, 1, 0.0906322
8.65, -0.00335447, 1, 0.0906322
8.66, -0.00335447, 1, 0.0906322
8.67, -0.00335447, 1, 0.0906322
8.68, -0.00161952, 1, 0.0884547
8.69, -0.00161952, 1, 0.0884547
8.7, -0.00182532, 1, 0.0872409
8.71, -0.00182532, 1, 0.0872409
8.72, 0.00793086, 1, 0.0856842
8.73, 0.00793086, 1, 0.0856842
8.74, 0.00793086, 1, 0.0856842
8.75, 0.00793086, 1, 0.0856842
8.76, 0.00793086, 1, 0.0856842
8.77, 0.00793086, 1, 0.0856842
8.78, 0.00793086, 1, 0.0856842
8.79, 0.00803146, 1, 0.0893405
8.8, 0.00967763, 1, 0.088644
8.81, 0.00967763, 1, 0.088644
8.82, 0.0160144, 1, 0.0669738
8.83, 0.0160144, 1, 0.0669738
8.84, 0.0160144, 1, 0.0669738
8.85, 0.0160144, 1, 0.0669738
8.86, 0.00950979, 1, 0.0770015
8.87, 0.00527582, 1, 0.0822692
8.88, 0.00527582, 1, 0.0822692
8.89, 0.00654946, 1, 0.0817502
8.9, 0.0279908, 1, 0.0793128
8.91, 0.0579643, 1, 0.0493455
8.92, 0.0446558, 1, 0.0153199
8.93, 0.0446558, 1, 0.0153199
8.94, 0.0446558, 1, 0.0153199
8.95, 0.0446558, 1, 0.0153199
8.96, 0.0446558, 1, 0.0153199
8.97, 0.0446558, 1, 0.0153199
8.98, 0.0446558, 1, 0.0153199
8.99, 0.0446558, 1, 0.0153199
9, 0.0446558, 1, 0.0153199
9.01, 0.0446558, 1, 0.0153199
9.02, 0.0446558, 1, 0.0153199
9.03, 0.0446558, 1, 0.0153199
9.04, 0.0446558, 1, 0.0153199
9.05, 0.0446558, 1, 0.0153199
9.06, 0.0446558, 1, 0.0153199
9.07, 0.0446558, 1, 0.0153199
9.08, 0.0446558, 1, 0.0153199
9.09, 0.0446558, 1, 0.0153199
9.1, 0.0446558, 1, 0.0153199
9.11, 0.0446558, 1, 0.0153199
9.12, 0.0446558, 1, 0.0153199
9.13, 0.0446558, 1, 0.0153199
9.14, 0.0446558, 1, 0.0153199
9.15, 0.0446558, 1, 0.0153199
9.16, 0.02618, 1, 0.0210886
9.17, 0.02618, 1, 0.0210886
9.18, 0.02618, 1, 0.0210886
9.19, 0.02618, 1, 0.0210886
9.2, 0.0209852, 1, 0.0276591
9.21, 0.0209852, 1, 0.0276591
9.22, 0.0209852, 1, 0.0276591
9.23, 0.0209852, 1, 0.0276591
9.24, 0.0209852, 1, 0.0276591
9.25, 0.0209852, 1, 0.0276591
9.26, 0.0209852, 1, 0.0276591
9.27, 0.025227, 1, 0.0229902
9.28, 0.025227, 1, 0.0229902
9.29, 0.022857, 1, 0.023128
9.3, 0.022857, 1, 0.023128
9.31, 0.0151578, 1, 0.0461583
9.32, 0.00822144, 1, 0.0508065
9.33, 0.00822144, 1, 0.0508065
9.34, 0.00822144, 1, 0.0508065
9.35, 0.00822144, 1, 0.0508065
9.36, 0.00822144, 1, 0.0508065
9.37, 0.0173106, 1, 0.0740775
9.38, 0.033602, 1, 0.059674
9.39, 0.033602, 1, 0.059674
9.4, 0.0514273, 1, 0.0472064
9.41, 0.0146888, 1, 0.0273273
9.42, 0.0146888, 1, 0.0273273
9.43, 0.0146888, 1, 0.0273273
9.44, 0.0146888, 1, 0.0273273
9.45, 0.0146888, 1, 0.0273273
9.46, 0.0146888, 1, 0.0273273
9.47, 0.0146888, 1, 0.0273273
9.48, 0.0146888, 1, 0.0273273
9.49, 0.0146888, 1, 0.0273273
9.5, 0.0146888, 1, 0.0273273
9.51, 0.0146888, 1, 0.0273273
9.52, 0.0146888, 1, 0.0273273
9.53, 0.0146888, 1, 0.0273273
9.54, 0.0275169, 1, 0.0421324
9.55, 0.0275169, 1, 0.0421324
9.56, 0.0275169, 1, 0.0421324
9.57, 0.00748636, 1, 0.0250903
9.58, 0.00748636, 1, 0.0250903
9.59, 0.0295741, 1, 0.0134451
9.6, 0.0295741, 1, 0.0134451
9.61, 0.0386294, 1, -0.0168012
9.62, 0.0343525, 1, -0.0213467
9.63, 0.0343525, 1, -0.0213467
9.64, 0.0343525, 1, -0.0213467
9.65, 0.0343525, 1, -0.0213467
9.66, 0.0342912, 1, -0.0213973
9.67, 0.0569946, 1, -0.0234156
9.68, 0.0551929, 1, -0.0490805
9.69, 0.0551929, 1, -0.0490805
9.7, 0.0551929, 1, -0.0490805
9.71, 0.0551929, 1, -0.0490805
9.72, 0.0556135, 1, -0.0495207
9.73, 0.0652522, 1, -0.0509894
9.74, 0.0622905, 1, -0.0629825
9.75, 0.0622905, 1, -0.0629825
9.76, 0.084697, 1, -0.0640621
9.77, 0.0762888, 1, -0.0872371
9.78, 0.0635069, 1, -0.0742812
9.79, 0.0635069, 1, -0.0742812
9.8, 0.0635069, 1, -0.0742812
9.81, 0.0635069, 1, -0.0742812
9.82, 0.0635069, 1, -0.0742812
9.83, 0.0635069, 1, -0.0742812
9.84, 0.0635069, 1, -0.0742812
9.85, 0.0635069, 1, -0.0742812
9.86, 0.0635069, 1, -0.0742812
9.87, 0.0576475, 1, -0.0755131
9.88, 0.0617437, 1, -0.0724353
9.89, 0.0617437, 1, -0.0724353
9.9, 0.0489247, 1, -0.0598745
9.91, 0.0489247, 1, -0.0598745
9.92, 0.0489247, 1, -0.0598745
9.93, 0.050477, 1, -0.0689306
9.94, 0.0489924, 1, -0.0693469
9.95, 0.0489924, 1, -0.0693469
9.96, 0.05137, 1, -0.0658841
9.97, 0.05137, 1, -0.0658841
9.98, 0.0528928, 1, -0.0299818
9.99, 0.0530006, 1, -0.0301594
10, 0.0530006, 1, -0.0301594
